Build Timestamp (UTC)	Build	Job	Job URL	Build Trigger	Allow Job Failure	PR#	Branch	Commit	Commit Range	Commit Message	Sketch Filename	Board ID	IDE Version	Program Storage (bytes)	Dynamic Memory (bytes)	# Warnings	Allow Failure	Exit Status	# Board Issues	Board Issue	# Library Issues	Library Issue
2020-08-26 04:43:42	444	444.85	https://travis-ci.org/SpenceKonde/ATTinyCore/jobs/721209525	push		false	master	8ad7f948c8fa27f8b498b0f4dcb606e2fa52f293	e9b5fbd1958e...8ad7f948c8fa	copy/paste mistake in bootloader file name	/home/travis/Arduino/hardware/ATTinyCore/avr/libraries/SoftwareSerial/examples/SoftwareSerialExample/SoftwareSerialExample.ino	ATTinyCore:avr:attinyx7micr:LTO=disable,bod=4v3,neopixelport=portb,millis=enabled,pinmapping=digi,sketchclock=16external	1.6.7	3290	243	5	false	0	0		0	
2020-08-26 04:43:46	444	444.85	https://travis-ci.org/SpenceKonde/ATTinyCore/jobs/721209525	push		false	master	8ad7f948c8fa27f8b498b0f4dcb606e2fa52f293	e9b5fbd1958e...8ad7f948c8fa	copy/paste mistake in bootloader file name	/home/travis/Arduino/hardware/ATTinyCore/avr/libraries/SoftwareSerial/examples/TwoPortReceive/TwoPortReceive.ino	ATTinyCore:avr:attinyx7micr:LTO=disable,bod=4v3,neopixelport=portb,millis=enabled,pinmapping=digi,sketchclock=16external	1.6.7	3376	284	5	false	0	0		0	
2020-08-26 04:43:50	444	444.85	https://travis-ci.org/SpenceKonde/ATTinyCore/jobs/721209525	push		false	master	8ad7f948c8fa27f8b498b0f4dcb606e2fa52f293	e9b5fbd1958e...8ad7f948c8fa	copy/paste mistake in bootloader file name	/home/travis/Arduino/hardware/ATTinyCore/avr/libraries/tinyNeoPixel/examples/strandtest/strandtest.ino	ATTinyCore:avr:attinyx7micr:LTO=disable,bod=4v3,neopixelport=portb,millis=enabled,pinmapping=digi,sketchclock=16external	1.6.7	3674	39	0	false	0	0		0	
2020-08-26 04:44:05	444	444.85	https://travis-ci.org/SpenceKonde/ATTinyCore/jobs/721209525	push		false	master	8ad7f948c8fa27f8b498b0f4dcb606e2fa52f293	e9b5fbd1958e...8ad7f948c8fa	copy/paste mistake in bootloader file name	/home/travis/Arduino/hardware/ATTinyCore/avr/libraries/tinyNeoPixel/examples/buttoncycler/buttoncycler.ino	ATTinyCore:avr:attinyx7micr:LTO=disable,bod=4v3,neopixelport=portb,millis=enabled,pinmapping=digi,sketchclock=16external	1.6.7	2708	41	0	false	0	0		0	
2020-08-26 04:44:09	444	444.85	https://travis-ci.org/SpenceKonde/ATTinyCore/jobs/721209525	push		false	master	8ad7f948c8fa27f8b498b0f4dcb606e2fa52f293	e9b5fbd1958e...8ad7f948c8fa	copy/paste mistake in bootloader file name	/home/travis/Arduino/hardware/ATTinyCore/avr/libraries/tinyNeoPixel/examples/RGBWstrandtest/RGBWstrandtest.ino	ATTinyCore:avr:attinyx7micr:LTO=disable,bod=4v3,neopixelport=portb,millis=enabled,pinmapping=digi,sketchclock=16external	1.6.7	6470	382	6	false	0	0		0	
2020-08-26 04:44:12	444	444.85	https://travis-ci.org/SpenceKonde/ATTinyCore/jobs/721209525	push		false	master	8ad7f948c8fa27f8b498b0f4dcb606e2fa52f293	e9b5fbd1958e...8ad7f948c8fa	copy/paste mistake in bootloader file name	/home/travis/Arduino/hardware/ATTinyCore/avr/libraries/tinyNeoPixel/examples/simple/simple.ino	ATTinyCore:avr:attinyx7micr:LTO=disable,bod=4v3,neopixelport=portb,millis=enabled,pinmapping=digi,sketchclock=16external	1.6.7	2708	41	0	false	0	0		0	
2020-08-26 04:44:16	444	444.85	https://travis-ci.org/SpenceKonde/ATTinyCore/jobs/721209525	push		false	master	8ad7f948c8fa27f8b498b0f4dcb606e2fa52f293	e9b5fbd1958e...8ad7f948c8fa	copy/paste mistake in bootloader file name	/home/travis/Arduino/hardware/ATTinyCore/avr/libraries/Servo/examples/Knob/Knob.ino	ATTinyCore:avr:attinyx7micr:LTO=disable,bod=4v3,neopixelport=portb,millis=enabled,pinmapping=digi,sketchclock=16external	1.6.7	2784	59	2	false	0	0		0	
2020-08-26 04:44:20	444	444.85	https://travis-ci.org/SpenceKonde/ATTinyCore/jobs/721209525	push		false	master	8ad7f948c8fa27f8b498b0f4dcb606e2fa52f293	e9b5fbd1958e...8ad7f948c8fa	copy/paste mistake in bootloader file name	/home/travis/Arduino/hardware/ATTinyCore/avr/libraries/Servo/examples/Sweep/Sweep.ino	ATTinyCore:avr:attinyx7micr:LTO=disable,bod=4v3,neopixelport=portb,millis=enabled,pinmapping=digi,sketchclock=16external	1.6.7	2720	56	2	false	0	0		0	
2020-08-26 04:44:23	444	444.85	https://travis-ci.org/SpenceKonde/ATTinyCore/jobs/721209525	push		false	master	8ad7f948c8fa27f8b498b0f4dcb606e2fa52f293	e9b5fbd1958e...8ad7f948c8fa	copy/paste mistake in bootloader file name	/home/travis/Arduino/hardware/ATTinyCore/avr/libraries/EEPROM/examples/eeprom_get/eeprom_get.ino	ATTinyCore:avr:attinyx7micr:LTO=disable,bod=4v3,neopixelport=portb,millis=enabled,pinmapping=digi,sketchclock=16external	1.6.7	3534	158	0	false	0	0		0	
2020-08-26 04:44:27	444	444.85	https://travis-ci.org/SpenceKonde/ATTinyCore/jobs/721209525	push		false	master	8ad7f948c8fa27f8b498b0f4dcb606e2fa52f293	e9b5fbd1958e...8ad7f948c8fa	copy/paste mistake in bootloader file name	/home/travis/Arduino/hardware/ATTinyCore/avr/libraries/EEPROM/examples/eeprom_crc/eeprom_crc.ino	ATTinyCore:avr:attinyx7micr:LTO=disable,bod=4v3,neopixelport=portb,millis=enabled,pinmapping=digi,sketchclock=16external	1.6.7	2120	212	1	false	0	0		0	
2020-08-26 04:44:31	444	444.85	https://travis-ci.org/SpenceKonde/ATTinyCore/jobs/721209525	push		false	master	8ad7f948c8fa27f8b498b0f4dcb606e2fa52f293	e9b5fbd1958e...8ad7f948c8fa	copy/paste mistake in bootloader file name	/home/travis/Arduino/hardware/ATTinyCore/avr/libraries/EEPROM/examples/eeprom_read/eeprom_read.ino	ATTinyCore:avr:attinyx7micr:LTO=disable,bod=4v3,neopixelport=portb,millis=enabled,pinmapping=digi,sketchclock=16external	1.6.7	2014	103	1	false	0	0		0	
2020-08-26 04:44:34	444	444.85	https://travis-ci.org/SpenceKonde/ATTinyCore/jobs/721209525	push		false	master	8ad7f948c8fa27f8b498b0f4dcb606e2fa52f293	e9b5fbd1958e...8ad7f948c8fa	copy/paste mistake in bootloader file name	/home/travis/Arduino/hardware/ATTinyCore/avr/libraries/EEPROM/examples/eeprom_clear/eeprom_clear.ino	ATTinyCore:avr:attinyx7micr:LTO=disable,bod=4v3,neopixelport=portb,millis=enabled,pinmapping=digi,sketchclock=16external	1.6.7	802	9	1	false	0	0		0	
2020-08-26 04:44:38	444	444.85	https://travis-ci.org/SpenceKonde/ATTinyCore/jobs/721209525	push		false	master	8ad7f948c8fa27f8b498b0f4dcb606e2fa52f293	e9b5fbd1958e...8ad7f948c8fa	copy/paste mistake in bootloader file name	/home/travis/Arduino/hardware/ATTinyCore/avr/libraries/EEPROM/examples/eeprom_write/eeprom_write.ino	ATTinyCore:avr:attinyx7micr:LTO=disable,bod=4v3,neopixelport=portb,millis=enabled,pinmapping=digi,sketchclock=16external	1.6.7	660	12	0	false	0	0		0	
2020-08-26 04:44:41	444	444.85	https://travis-ci.org/SpenceKonde/ATTinyCore/jobs/721209525	push		false	master	8ad7f948c8fa27f8b498b0f4dcb606e2fa52f293	e9b5fbd1958e...8ad7f948c8fa	copy/paste mistake in bootloader file name	/home/travis/Arduino/hardware/ATTinyCore/avr/libraries/EEPROM/examples/eeprom_iteration/eeprom_iteration.ino	ATTinyCore:avr:attinyx7micr:LTO=disable,bod=4v3,neopixelport=portb,millis=enabled,pinmapping=digi,sketchclock=16external	1.6.7	562	9	3	false	0	0		0	
2020-08-26 04:44:45	444	444.85	https://travis-ci.org/SpenceKonde/ATTinyCore/jobs/721209525	push		false	master	8ad7f948c8fa27f8b498b0f4dcb606e2fa52f293	e9b5fbd1958e...8ad7f948c8fa	copy/paste mistake in bootloader file name	/home/travis/Arduino/hardware/ATTinyCore/avr/libraries/EEPROM/examples/eeprom_update/eeprom_update.ino	ATTinyCore:avr:attinyx7micr:LTO=disable,bod=4v3,neopixelport=portb,millis=enabled,pinmapping=digi,sketchclock=16external	1.6.7	710	12	1	false	0	0		0	
2020-08-26 04:44:49	444	444.85	https://travis-ci.org/SpenceKonde/ATTinyCore/jobs/721209525	push		false	master	8ad7f948c8fa27f8b498b0f4dcb606e2fa52f293	e9b5fbd1958e...8ad7f948c8fa	copy/paste mistake in bootloader file name	/home/travis/Arduino/hardware/ATTinyCore/avr/libraries/EEPROM/examples/eeprom_put/eeprom_put.ino	ATTinyCore:avr:attinyx7micr:LTO=disable,bod=4v3,neopixelport=portb,millis=enabled,pinmapping=digi,sketchclock=16external	1.6.7	1780	242	0	false	0	0		0	
2020-08-26 04:44:52	444	444.85	https://travis-ci.org/SpenceKonde/ATTinyCore/jobs/721209525	push		false	master	8ad7f948c8fa27f8b498b0f4dcb606e2fa52f293	e9b5fbd1958e...8ad7f948c8fa	copy/paste mistake in bootloader file name	/home/travis/Arduino/hardware/ATTinyCore/avr/libraries/ATTinyCore/examples/TemperatureRead/TemperatureRead.ino	ATTinyCore:avr:attinyx7micr:LTO=disable,bod=4v3,neopixelport=portb,millis=enabled,pinmapping=digi,sketchclock=16external	1.6.7	1970	105	0	false	0	0		0	
2020-08-26 04:44:56	444	444.85	https://travis-ci.org/SpenceKonde/ATTinyCore/jobs/721209525	push		false	master	8ad7f948c8fa27f8b498b0f4dcb606e2fa52f293	e9b5fbd1958e...8ad7f948c8fa	copy/paste mistake in bootloader file name	/home/travis/Arduino/hardware/ATTinyCore/avr/libraries/tinyNeoPixel_Static/examples/strandtest/strandtest.ino	ATTinyCore:avr:attinyx7micr:LTO=disable,bod=4v3,neopixelport=portb,millis=enabled,pinmapping=digi,sketchclock=16external	1.6.7	2654	208	5	false	0	0		0	
2020-08-26 04:45:00	444	444.85	https://travis-ci.org/SpenceKonde/ATTinyCore/jobs/721209525	push		false	master	8ad7f948c8fa27f8b498b0f4dcb606e2fa52f293	e9b5fbd1958e...8ad7f948c8fa	copy/paste mistake in bootloader file name	/home/travis/Arduino/hardware/ATTinyCore/avr/libraries/tinyNeoPixel_Static/examples/buttoncycler/buttoncycler.ino	ATTinyCore:avr:attinyx7micr:LTO=disable,bod=4v3,neopixelport=portb,millis=enabled,pinmapping=digi,sketchclock=16external	1.6.7	2898	80	5	false	0	0		0	
2020-08-26 04:45:04	444	444.85	https://travis-ci.org/SpenceKonde/ATTinyCore/jobs/721209525	push		false	master	8ad7f948c8fa27f8b498b0f4dcb606e2fa52f293	e9b5fbd1958e...8ad7f948c8fa	copy/paste mistake in bootloader file name	/home/travis/Arduino/hardware/ATTinyCore/avr/libraries/tinyNeoPixel_Static/examples/simple/simple.ino	ATTinyCore:avr:attinyx7micr:LTO=disable,bod=4v3,neopixelport=portb,millis=enabled,pinmapping=digi,sketchclock=16external	1.6.7	1720	78	1	false	0	0		0	
2020-08-26 04:45:07	444	444.85	https://travis-ci.org/SpenceKonde/ATTinyCore/jobs/721209525	push		false	master	8ad7f948c8fa27f8b498b0f4dcb606e2fa52f293	e9b5fbd1958e...8ad7f948c8fa	copy/paste mistake in bootloader file name	/home/travis/Arduino/hardware/ATTinyCore/avr/libraries/SPI/examples/BarometricPressureSensor/BarometricPressureSensor.ino	ATTinyCore:avr:attinyx7micr:LTO=disable,bod=4v3,neopixelport=portb,millis=enabled,pinmapping=digi,sketchclock=16external	1.6.7	6376	133	1	false	0	0		0	
2020-08-26 04:45:11	444	444.85	https://travis-ci.org/SpenceKonde/ATTinyCore/jobs/721209525	push		false	master	8ad7f948c8fa27f8b498b0f4dcb606e2fa52f293	e9b5fbd1958e...8ad7f948c8fa	copy/paste mistake in bootloader file name	/home/travis/Arduino/hardware/ATTinyCore/avr/libraries/SPI/examples/DigitalPotControl/DigitalPotControl.ino	ATTinyCore:avr:attinyx7micr:LTO=disable,bod=4v3,neopixelport=portb,millis=enabled,pinmapping=digi,sketchclock=16external	1.6.7	1168	10	0	false	0	0		0	
2020-08-26 04:45:15	444	444.85	https://travis-ci.org/SpenceKonde/ATTinyCore/jobs/721209525	push		false	master	8ad7f948c8fa27f8b498b0f4dcb606e2fa52f293	e9b5fbd1958e...8ad7f948c8fa	copy/paste mistake in bootloader file name	/home/travis/Arduino/hardware/ATTinyCore/avr/libraries/Wire/examples/SFRRanger_reader/SFRRanger_reader.ino	ATTinyCore:avr:attinyx7micr:LTO=disable,bod=4v3,neopixelport=portb,millis=enabled,pinmapping=digi,sketchclock=16external	1.6.7	3550	149	0	false	0	0		0	
2020-08-26 04:45:19	444	444.85	https://travis-ci.org/SpenceKonde/ATTinyCore/jobs/721209525	push		false	master	8ad7f948c8fa27f8b498b0f4dcb606e2fa52f293	e9b5fbd1958e...8ad7f948c8fa	copy/paste mistake in bootloader file name	/home/travis/Arduino/hardware/ATTinyCore/avr/libraries/Wire/examples/master_writer/master_writer.ino	ATTinyCore:avr:attinyx7micr:LTO=disable,bod=4v3,neopixelport=portb,millis=enabled,pinmapping=digi,sketchclock=16external	1.6.7	1876	65	0	false	0	0		0	
2020-08-26 04:45:22	444	444.85	https://travis-ci.org/SpenceKonde/ATTinyCore/jobs/721209525	push		false	master	8ad7f948c8fa27f8b498b0f4dcb606e2fa52f293	e9b5fbd1958e...8ad7f948c8fa	copy/paste mistake in bootloader file name	/home/travis/Arduino/hardware/ATTinyCore/avr/libraries/Wire/examples/digital_potentiometer/digital_potentiometer.ino	ATTinyCore:avr:attinyx7micr:LTO=disable,bod=4v3,neopixelport=portb,millis=enabled,pinmapping=digi,sketchclock=16external	1.6.7	1774	59	0	false	0	0		0	
2020-08-26 04:45:26	444	444.85	https://travis-ci.org/SpenceKonde/ATTinyCore/jobs/721209525	push		false	master	8ad7f948c8fa27f8b498b0f4dcb606e2fa52f293	e9b5fbd1958e...8ad7f948c8fa	copy/paste mistake in bootloader file name	/home/travis/Arduino/hardware/ATTinyCore/avr/libraries/Wire/examples/slave_receiver/slave_receiver.ino	ATTinyCore:avr:attinyx7micr:LTO=disable,bod=4v3,neopixelport=portb,millis=enabled,pinmapping=digi,sketchclock=16external	1.6.7	2722	145	1	false	0	0		0	
2020-08-26 04:45:30	444	444.85	https://travis-ci.org/SpenceKonde/ATTinyCore/jobs/721209525	push		false	master	8ad7f948c8fa27f8b498b0f4dcb606e2fa52f293	e9b5fbd1958e...8ad7f948c8fa	copy/paste mistake in bootloader file name	/home/travis/Arduino/hardware/ATTinyCore/avr/libraries/Wire/examples/master_reader/master_reader.ino	ATTinyCore:avr:attinyx7micr:LTO=disable,bod=4v3,neopixelport=portb,millis=enabled,pinmapping=digi,sketchclock=16external	1.6.7	2936	147	0	false	0	0		0	
2020-08-26 04:45:34	444	444.85	https://travis-ci.org/SpenceKonde/ATTinyCore/jobs/721209525	push		false	master	8ad7f948c8fa27f8b498b0f4dcb606e2fa52f293	e9b5fbd1958e...8ad7f948c8fa	copy/paste mistake in bootloader file name	/home/travis/Arduino/hardware/ATTinyCore/avr/libraries/Wire/examples/slave_sender/slave_sender.ino	ATTinyCore:avr:attinyx7micr:LTO=disable,bod=4v3,neopixelport=portb,millis=enabled,pinmapping=digi,sketchclock=16external	1.6.7	1494	65	0	false	0	0		0	
2020-08-26 04:45:37	444	444.85	https://travis-ci.org/SpenceKonde/ATTinyCore/jobs/721209525	push		false	master	8ad7f948c8fa27f8b498b0f4dcb606e2fa52f293	e9b5fbd1958e...8ad7f948c8fa	copy/paste mistake in bootloader file name	/home/travis/Arduino/hardware/ATTinyCore/avr/libraries/Servo_ATTinyCore/examples/Knob/Knob.ino	ATTinyCore:avr:attinyx7micr:LTO=disable,bod=4v3,neopixelport=portb,millis=enabled,pinmapping=digi,sketchclock=16external	1.6.7	2784	59	2	false	0	0		0	
2020-08-26 04:45:41	444	444.85	https://travis-ci.org/SpenceKonde/ATTinyCore/jobs/721209525	push		false	master	8ad7f948c8fa27f8b498b0f4dcb606e2fa52f293	e9b5fbd1958e...8ad7f948c8fa	copy/paste mistake in bootloader file name	/home/travis/Arduino/hardware/ATTinyCore/avr/libraries/Servo_ATTinyCore/examples/Sweep/Sweep.ino	ATTinyCore:avr:attinyx7micr:LTO=disable,bod=4v3,neopixelport=portb,millis=enabled,pinmapping=digi,sketchclock=16external	1.6.7	2720	56	2	false	0	0		0	
2020-08-26 04:45:47	444	444.85	https://travis-ci.org/SpenceKonde/ATTinyCore/jobs/721209525	push		false	master	8ad7f948c8fa27f8b498b0f4dcb606e2fa52f293	e9b5fbd1958e...8ad7f948c8fa	copy/paste mistake in bootloader file name	/home/travis/Arduino/hardware/ATTinyCore/avr/libraries/SoftwareSerial/examples/SoftwareSerialExample/SoftwareSerialExample.ino	ATTinyCore:avr:attinyx7micr:LTO=disable,bod=4v3,neopixelport=portb,millis=enabled,pinmapping=digi,sketchclock=16external	1.6.9	3290	243	5	false	0	0		0	
2020-08-26 04:45:52	444	444.85	https://travis-ci.org/SpenceKonde/ATTinyCore/jobs/721209525	push		false	master	8ad7f948c8fa27f8b498b0f4dcb606e2fa52f293	e9b5fbd1958e...8ad7f948c8fa	copy/paste mistake in bootloader file name	/home/travis/Arduino/hardware/ATTinyCore/avr/libraries/SoftwareSerial/examples/TwoPortReceive/TwoPortReceive.ino	ATTinyCore:avr:attinyx7micr:LTO=disable,bod=4v3,neopixelport=portb,millis=enabled,pinmapping=digi,sketchclock=16external	1.6.9	3376	284	5	false	0	0		0	
2020-08-26 04:45:56	444	444.85	https://travis-ci.org/SpenceKonde/ATTinyCore/jobs/721209525	push		false	master	8ad7f948c8fa27f8b498b0f4dcb606e2fa52f293	e9b5fbd1958e...8ad7f948c8fa	copy/paste mistake in bootloader file name	/home/travis/Arduino/hardware/ATTinyCore/avr/libraries/tinyNeoPixel/examples/strandtest/strandtest.ino	ATTinyCore:avr:attinyx7micr:LTO=disable,bod=4v3,neopixelport=portb,millis=enabled,pinmapping=digi,sketchclock=16external	1.6.9	3674	39	0	false	0	0		0	
2020-08-26 04:46:00	444	444.85	https://travis-ci.org/SpenceKonde/ATTinyCore/jobs/721209525	push		false	master	8ad7f948c8fa27f8b498b0f4dcb606e2fa52f293	e9b5fbd1958e...8ad7f948c8fa	copy/paste mistake in bootloader file name	/home/travis/Arduino/hardware/ATTinyCore/avr/libraries/tinyNeoPixel/examples/buttoncycler/buttoncycler.ino	ATTinyCore:avr:attinyx7micr:LTO=disable,bod=4v3,neopixelport=portb,millis=enabled,pinmapping=digi,sketchclock=16external	1.6.9	2708	41	0	false	0	0		0	
2020-08-26 04:46:04	444	444.85	https://travis-ci.org/SpenceKonde/ATTinyCore/jobs/721209525	push		false	master	8ad7f948c8fa27f8b498b0f4dcb606e2fa52f293	e9b5fbd1958e...8ad7f948c8fa	copy/paste mistake in bootloader file name	/home/travis/Arduino/hardware/ATTinyCore/avr/libraries/tinyNeoPixel/examples/RGBWstrandtest/RGBWstrandtest.ino	ATTinyCore:avr:attinyx7micr:LTO=disable,bod=4v3,neopixelport=portb,millis=enabled,pinmapping=digi,sketchclock=16external	1.6.9	6470	382	6	false	0	0		0	
2020-08-26 04:46:08	444	444.85	https://travis-ci.org/SpenceKonde/ATTinyCore/jobs/721209525	push		false	master	8ad7f948c8fa27f8b498b0f4dcb606e2fa52f293	e9b5fbd1958e...8ad7f948c8fa	copy/paste mistake in bootloader file name	/home/travis/Arduino/hardware/ATTinyCore/avr/libraries/tinyNeoPixel/examples/simple/simple.ino	ATTinyCore:avr:attinyx7micr:LTO=disable,bod=4v3,neopixelport=portb,millis=enabled,pinmapping=digi,sketchclock=16external	1.6.9	2708	41	0	false	0	0		0	
2020-08-26 04:46:12	444	444.85	https://travis-ci.org/SpenceKonde/ATTinyCore/jobs/721209525	push		false	master	8ad7f948c8fa27f8b498b0f4dcb606e2fa52f293	e9b5fbd1958e...8ad7f948c8fa	copy/paste mistake in bootloader file name	/home/travis/Arduino/hardware/ATTinyCore/avr/libraries/Servo/examples/Knob/Knob.ino	ATTinyCore:avr:attinyx7micr:LTO=disable,bod=4v3,neopixelport=portb,millis=enabled,pinmapping=digi,sketchclock=16external	1.6.9	2784	59	2	false	0	0		0	
2020-08-26 04:46:16	444	444.85	https://travis-ci.org/SpenceKonde/ATTinyCore/jobs/721209525	push		false	master	8ad7f948c8fa27f8b498b0f4dcb606e2fa52f293	e9b5fbd1958e...8ad7f948c8fa	copy/paste mistake in bootloader file name	/home/travis/Arduino/hardware/ATTinyCore/avr/libraries/Servo/examples/Sweep/Sweep.ino	ATTinyCore:avr:attinyx7micr:LTO=disable,bod=4v3,neopixelport=portb,millis=enabled,pinmapping=digi,sketchclock=16external	1.6.9	2720	56	2	false	0	0		0	
2020-08-26 04:46:20	444	444.85	https://travis-ci.org/SpenceKonde/ATTinyCore/jobs/721209525	push		false	master	8ad7f948c8fa27f8b498b0f4dcb606e2fa52f293	e9b5fbd1958e...8ad7f948c8fa	copy/paste mistake in bootloader file name	/home/travis/Arduino/hardware/ATTinyCore/avr/libraries/EEPROM/examples/eeprom_get/eeprom_get.ino	ATTinyCore:avr:attinyx7micr:LTO=disable,bod=4v3,neopixelport=portb,millis=enabled,pinmapping=digi,sketchclock=16external	1.6.9	3534	158	0	false	0	0		0	
2020-08-26 04:46:24	444	444.85	https://travis-ci.org/SpenceKonde/ATTinyCore/jobs/721209525	push		false	master	8ad7f948c8fa27f8b498b0f4dcb606e2fa52f293	e9b5fbd1958e...8ad7f948c8fa	copy/paste mistake in bootloader file name	/home/travis/Arduino/hardware/ATTinyCore/avr/libraries/EEPROM/examples/eeprom_crc/eeprom_crc.ino	ATTinyCore:avr:attinyx7micr:LTO=disable,bod=4v3,neopixelport=portb,millis=enabled,pinmapping=digi,sketchclock=16external	1.6.9	2120	212	1	false	0	0		0	
2020-08-26 04:46:27	444	444.85	https://travis-ci.org/SpenceKonde/ATTinyCore/jobs/721209525	push		false	master	8ad7f948c8fa27f8b498b0f4dcb606e2fa52f293	e9b5fbd1958e...8ad7f948c8fa	copy/paste mistake in bootloader file name	/home/travis/Arduino/hardware/ATTinyCore/avr/libraries/EEPROM/examples/eeprom_read/eeprom_read.ino	ATTinyCore:avr:attinyx7micr:LTO=disable,bod=4v3,neopixelport=portb,millis=enabled,pinmapping=digi,sketchclock=16external	1.6.9	2014	103	1	false	0	0		0	
2020-08-26 04:46:31	444	444.85	https://travis-ci.org/SpenceKonde/ATTinyCore/jobs/721209525	push		false	master	8ad7f948c8fa27f8b498b0f4dcb606e2fa52f293	e9b5fbd1958e...8ad7f948c8fa	copy/paste mistake in bootloader file name	/home/travis/Arduino/hardware/ATTinyCore/avr/libraries/EEPROM/examples/eeprom_clear/eeprom_clear.ino	ATTinyCore:avr:attinyx7micr:LTO=disable,bod=4v3,neopixelport=portb,millis=enabled,pinmapping=digi,sketchclock=16external	1.6.9	802	9	1	false	0	0		0	
2020-08-26 04:46:35	444	444.85	https://travis-ci.org/SpenceKonde/ATTinyCore/jobs/721209525	push		false	master	8ad7f948c8fa27f8b498b0f4dcb606e2fa52f293	e9b5fbd1958e...8ad7f948c8fa	copy/paste mistake in bootloader file name	/home/travis/Arduino/hardware/ATTinyCore/avr/libraries/EEPROM/examples/eeprom_write/eeprom_write.ino	ATTinyCore:avr:attinyx7micr:LTO=disable,bod=4v3,neopixelport=portb,millis=enabled,pinmapping=digi,sketchclock=16external	1.6.9	660	12	0	false	0	0		0	
2020-08-26 04:46:39	444	444.85	https://travis-ci.org/SpenceKonde/ATTinyCore/jobs/721209525	push		false	master	8ad7f948c8fa27f8b498b0f4dcb606e2fa52f293	e9b5fbd1958e...8ad7f948c8fa	copy/paste mistake in bootloader file name	/home/travis/Arduino/hardware/ATTinyCore/avr/libraries/EEPROM/examples/eeprom_iteration/eeprom_iteration.ino	ATTinyCore:avr:attinyx7micr:LTO=disable,bod=4v3,neopixelport=portb,millis=enabled,pinmapping=digi,sketchclock=16external	1.6.9	562	9	3	false	0	0		0	
2020-08-26 04:46:43	444	444.85	https://travis-ci.org/SpenceKonde/ATTinyCore/jobs/721209525	push		false	master	8ad7f948c8fa27f8b498b0f4dcb606e2fa52f293	e9b5fbd1958e...8ad7f948c8fa	copy/paste mistake in bootloader file name	/home/travis/Arduino/hardware/ATTinyCore/avr/libraries/EEPROM/examples/eeprom_update/eeprom_update.ino	ATTinyCore:avr:attinyx7micr:LTO=disable,bod=4v3,neopixelport=portb,millis=enabled,pinmapping=digi,sketchclock=16external	1.6.9	710	12	1	false	0	0		0	
2020-08-26 04:46:47	444	444.85	https://travis-ci.org/SpenceKonde/ATTinyCore/jobs/721209525	push		false	master	8ad7f948c8fa27f8b498b0f4dcb606e2fa52f293	e9b5fbd1958e...8ad7f948c8fa	copy/paste mistake in bootloader file name	/home/travis/Arduino/hardware/ATTinyCore/avr/libraries/EEPROM/examples/eeprom_put/eeprom_put.ino	ATTinyCore:avr:attinyx7micr:LTO=disable,bod=4v3,neopixelport=portb,millis=enabled,pinmapping=digi,sketchclock=16external	1.6.9	1780	242	0	false	0	0		0	
2020-08-26 04:46:51	444	444.85	https://travis-ci.org/SpenceKonde/ATTinyCore/jobs/721209525	push		false	master	8ad7f948c8fa27f8b498b0f4dcb606e2fa52f293	e9b5fbd1958e...8ad7f948c8fa	copy/paste mistake in bootloader file name	/home/travis/Arduino/hardware/ATTinyCore/avr/libraries/ATTinyCore/examples/TemperatureRead/TemperatureRead.ino	ATTinyCore:avr:attinyx7micr:LTO=disable,bod=4v3,neopixelport=portb,millis=enabled,pinmapping=digi,sketchclock=16external	1.6.9	1970	105	0	false	0	0		0	
2020-08-26 04:46:55	444	444.85	https://travis-ci.org/SpenceKonde/ATTinyCore/jobs/721209525	push		false	master	8ad7f948c8fa27f8b498b0f4dcb606e2fa52f293	e9b5fbd1958e...8ad7f948c8fa	copy/paste mistake in bootloader file name	/home/travis/Arduino/hardware/ATTinyCore/avr/libraries/tinyNeoPixel_Static/examples/strandtest/strandtest.ino	ATTinyCore:avr:attinyx7micr:LTO=disable,bod=4v3,neopixelport=portb,millis=enabled,pinmapping=digi,sketchclock=16external	1.6.9	2654	208	5	false	0	0		0	
2020-08-26 04:46:59	444	444.85	https://travis-ci.org/SpenceKonde/ATTinyCore/jobs/721209525	push		false	master	8ad7f948c8fa27f8b498b0f4dcb606e2fa52f293	e9b5fbd1958e...8ad7f948c8fa	copy/paste mistake in bootloader file name	/home/travis/Arduino/hardware/ATTinyCore/avr/libraries/tinyNeoPixel_Static/examples/buttoncycler/buttoncycler.ino	ATTinyCore:avr:attinyx7micr:LTO=disable,bod=4v3,neopixelport=portb,millis=enabled,pinmapping=digi,sketchclock=16external	1.6.9	2898	80	5	false	0	0		0	
2020-08-26 04:47:03	444	444.85	https://travis-ci.org/SpenceKonde/ATTinyCore/jobs/721209525	push		false	master	8ad7f948c8fa27f8b498b0f4dcb606e2fa52f293	e9b5fbd1958e...8ad7f948c8fa	copy/paste mistake in bootloader file name	/home/travis/Arduino/hardware/ATTinyCore/avr/libraries/tinyNeoPixel_Static/examples/simple/simple.ino	ATTinyCore:avr:attinyx7micr:LTO=disable,bod=4v3,neopixelport=portb,millis=enabled,pinmapping=digi,sketchclock=16external	1.6.9	1720	78	1	false	0	0		0	
2020-08-26 04:47:07	444	444.85	https://travis-ci.org/SpenceKonde/ATTinyCore/jobs/721209525	push		false	master	8ad7f948c8fa27f8b498b0f4dcb606e2fa52f293	e9b5fbd1958e...8ad7f948c8fa	copy/paste mistake in bootloader file name	/home/travis/Arduino/hardware/ATTinyCore/avr/libraries/SPI/examples/BarometricPressureSensor/BarometricPressureSensor.ino	ATTinyCore:avr:attinyx7micr:LTO=disable,bod=4v3,neopixelport=portb,millis=enabled,pinmapping=digi,sketchclock=16external	1.6.9	6376	133	1	false	0	0		0	
2020-08-26 04:47:11	444	444.85	https://travis-ci.org/SpenceKonde/ATTinyCore/jobs/721209525	push		false	master	8ad7f948c8fa27f8b498b0f4dcb606e2fa52f293	e9b5fbd1958e...8ad7f948c8fa	copy/paste mistake in bootloader file name	/home/travis/Arduino/hardware/ATTinyCore/avr/libraries/SPI/examples/DigitalPotControl/DigitalPotControl.ino	ATTinyCore:avr:attinyx7micr:LTO=disable,bod=4v3,neopixelport=portb,millis=enabled,pinmapping=digi,sketchclock=16external	1.6.9	1168	10	0	false	0	0		0	
2020-08-26 04:47:15	444	444.85	https://travis-ci.org/SpenceKonde/ATTinyCore/jobs/721209525	push		false	master	8ad7f948c8fa27f8b498b0f4dcb606e2fa52f293	e9b5fbd1958e...8ad7f948c8fa	copy/paste mistake in bootloader file name	/home/travis/Arduino/hardware/ATTinyCore/avr/libraries/Wire/examples/SFRRanger_reader/SFRRanger_reader.ino	ATTinyCore:avr:attinyx7micr:LTO=disable,bod=4v3,neopixelport=portb,millis=enabled,pinmapping=digi,sketchclock=16external	1.6.9	3550	149	0	false	0	0		0	
2020-08-26 04:47:19	444	444.85	https://travis-ci.org/SpenceKonde/ATTinyCore/jobs/721209525	push		false	master	8ad7f948c8fa27f8b498b0f4dcb606e2fa52f293	e9b5fbd1958e...8ad7f948c8fa	copy/paste mistake in bootloader file name	/home/travis/Arduino/hardware/ATTinyCore/avr/libraries/Wire/examples/master_writer/master_writer.ino	ATTinyCore:avr:attinyx7micr:LTO=disable,bod=4v3,neopixelport=portb,millis=enabled,pinmapping=digi,sketchclock=16external	1.6.9	1876	65	0	false	0	0		0	
2020-08-26 04:47:23	444	444.85	https://travis-ci.org/SpenceKonde/ATTinyCore/jobs/721209525	push		false	master	8ad7f948c8fa27f8b498b0f4dcb606e2fa52f293	e9b5fbd1958e...8ad7f948c8fa	copy/paste mistake in bootloader file name	/home/travis/Arduino/hardware/ATTinyCore/avr/libraries/Wire/examples/digital_potentiometer/digital_potentiometer.ino	ATTinyCore:avr:attinyx7micr:LTO=disable,bod=4v3,neopixelport=portb,millis=enabled,pinmapping=digi,sketchclock=16external	1.6.9	1774	59	0	false	0	0		0	
2020-08-26 04:47:27	444	444.85	https://travis-ci.org/SpenceKonde/ATTinyCore/jobs/721209525	push		false	master	8ad7f948c8fa27f8b498b0f4dcb606e2fa52f293	e9b5fbd1958e...8ad7f948c8fa	copy/paste mistake in bootloader file name	/home/travis/Arduino/hardware/ATTinyCore/avr/libraries/Wire/examples/slave_receiver/slave_receiver.ino	ATTinyCore:avr:attinyx7micr:LTO=disable,bod=4v3,neopixelport=portb,millis=enabled,pinmapping=digi,sketchclock=16external	1.6.9	2722	145	1	false	0	0		0	
2020-08-26 04:47:31	444	444.85	https://travis-ci.org/SpenceKonde/ATTinyCore/jobs/721209525	push		false	master	8ad7f948c8fa27f8b498b0f4dcb606e2fa52f293	e9b5fbd1958e...8ad7f948c8fa	copy/paste mistake in bootloader file name	/home/travis/Arduino/hardware/ATTinyCore/avr/libraries/Wire/examples/master_reader/master_reader.ino	ATTinyCore:avr:attinyx7micr:LTO=disable,bod=4v3,neopixelport=portb,millis=enabled,pinmapping=digi,sketchclock=16external	1.6.9	2936	147	0	false	0	0		0	
2020-08-26 04:47:35	444	444.85	https://travis-ci.org/SpenceKonde/ATTinyCore/jobs/721209525	push		false	master	8ad7f948c8fa27f8b498b0f4dcb606e2fa52f293	e9b5fbd1958e...8ad7f948c8fa	copy/paste mistake in bootloader file name	/home/travis/Arduino/hardware/ATTinyCore/avr/libraries/Wire/examples/slave_sender/slave_sender.ino	ATTinyCore:avr:attinyx7micr:LTO=disable,bod=4v3,neopixelport=portb,millis=enabled,pinmapping=digi,sketchclock=16external	1.6.9	1494	65	0	false	0	0		0	
2020-08-26 04:47:39	444	444.85	https://travis-ci.org/SpenceKonde/ATTinyCore/jobs/721209525	push		false	master	8ad7f948c8fa27f8b498b0f4dcb606e2fa52f293	e9b5fbd1958e...8ad7f948c8fa	copy/paste mistake in bootloader file name	/home/travis/Arduino/hardware/ATTinyCore/avr/libraries/Servo_ATTinyCore/examples/Knob/Knob.ino	ATTinyCore:avr:attinyx7micr:LTO=disable,bod=4v3,neopixelport=portb,millis=enabled,pinmapping=digi,sketchclock=16external	1.6.9	2784	59	2	false	0	0		0	
2020-08-26 04:47:43	444	444.85	https://travis-ci.org/SpenceKonde/ATTinyCore/jobs/721209525	push		false	master	8ad7f948c8fa27f8b498b0f4dcb606e2fa52f293	e9b5fbd1958e...8ad7f948c8fa	copy/paste mistake in bootloader file name	/home/travis/Arduino/hardware/ATTinyCore/avr/libraries/Servo_ATTinyCore/examples/Sweep/Sweep.ino	ATTinyCore:avr:attinyx7micr:LTO=disable,bod=4v3,neopixelport=portb,millis=enabled,pinmapping=digi,sketchclock=16external	1.6.9	2720	56	2	false	0	0		0	
2020-08-26 04:47:50	444	444.85	https://travis-ci.org/SpenceKonde/ATTinyCore/jobs/721209525	push		false	master	8ad7f948c8fa27f8b498b0f4dcb606e2fa52f293	e9b5fbd1958e...8ad7f948c8fa	copy/paste mistake in bootloader file name	/home/travis/Arduino/hardware/ATTinyCore/avr/libraries/SoftwareSerial/examples/SoftwareSerialExample/SoftwareSerialExample.ino	ATTinyCore:avr:attinyx7micr:LTO=disable,bod=4v3,neopixelport=portb,millis=enabled,pinmapping=digi,sketchclock=16external	1.6.13	3276	243	5	false	0	0		0	
2020-08-26 04:47:54	444	444.85	https://travis-ci.org/SpenceKonde/ATTinyCore/jobs/721209525	push		false	master	8ad7f948c8fa27f8b498b0f4dcb606e2fa52f293	e9b5fbd1958e...8ad7f948c8fa	copy/paste mistake in bootloader file name	/home/travis/Arduino/hardware/ATTinyCore/avr/libraries/SoftwareSerial/examples/TwoPortReceive/TwoPortReceive.ino	ATTinyCore:avr:attinyx7micr:LTO=disable,bod=4v3,neopixelport=portb,millis=enabled,pinmapping=digi,sketchclock=16external	1.6.13	3362	284	5	false	0	0		0	
2020-08-26 04:47:58	444	444.85	https://travis-ci.org/SpenceKonde/ATTinyCore/jobs/721209525	push		false	master	8ad7f948c8fa27f8b498b0f4dcb606e2fa52f293	e9b5fbd1958e...8ad7f948c8fa	copy/paste mistake in bootloader file name	/home/travis/Arduino/hardware/ATTinyCore/avr/libraries/tinyNeoPixel/examples/strandtest/strandtest.ino	ATTinyCore:avr:attinyx7micr:LTO=disable,bod=4v3,neopixelport=portb,millis=enabled,pinmapping=digi,sketchclock=16external	1.6.13	3732	39	0	false	0	0		0	
2020-08-26 04:48:02	444	444.85	https://travis-ci.org/SpenceKonde/ATTinyCore/jobs/721209525	push		false	master	8ad7f948c8fa27f8b498b0f4dcb606e2fa52f293	e9b5fbd1958e...8ad7f948c8fa	copy/paste mistake in bootloader file name	/home/travis/Arduino/hardware/ATTinyCore/avr/libraries/tinyNeoPixel/examples/buttoncycler/buttoncycler.ino	ATTinyCore:avr:attinyx7micr:LTO=disable,bod=4v3,neopixelport=portb,millis=enabled,pinmapping=digi,sketchclock=16external	1.6.13	2766	41	0	false	0	0		0	
2020-08-26 04:48:06	444	444.85	https://travis-ci.org/SpenceKonde/ATTinyCore/jobs/721209525	push		false	master	8ad7f948c8fa27f8b498b0f4dcb606e2fa52f293	e9b5fbd1958e...8ad7f948c8fa	copy/paste mistake in bootloader file name	/home/travis/Arduino/hardware/ATTinyCore/avr/libraries/tinyNeoPixel/examples/RGBWstrandtest/RGBWstrandtest.ino	ATTinyCore:avr:attinyx7micr:LTO=disable,bod=4v3,neopixelport=portb,millis=enabled,pinmapping=digi,sketchclock=16external	1.6.13	6580	382	6	false	0	0		0	
2020-08-26 04:48:10	444	444.85	https://travis-ci.org/SpenceKonde/ATTinyCore/jobs/721209525	push		false	master	8ad7f948c8fa27f8b498b0f4dcb606e2fa52f293	e9b5fbd1958e...8ad7f948c8fa	copy/paste mistake in bootloader file name	/home/travis/Arduino/hardware/ATTinyCore/avr/libraries/tinyNeoPixel/examples/simple/simple.ino	ATTinyCore:avr:attinyx7micr:LTO=disable,bod=4v3,neopixelport=portb,millis=enabled,pinmapping=digi,sketchclock=16external	1.6.13	2766	41	0	false	0	0		0	
2020-08-26 04:48:14	444	444.85	https://travis-ci.org/SpenceKonde/ATTinyCore/jobs/721209525	push		false	master	8ad7f948c8fa27f8b498b0f4dcb606e2fa52f293	e9b5fbd1958e...8ad7f948c8fa	copy/paste mistake in bootloader file name	/home/travis/Arduino/hardware/ATTinyCore/avr/libraries/Servo/examples/Knob/Knob.ino	ATTinyCore:avr:attinyx7micr:LTO=disable,bod=4v3,neopixelport=portb,millis=enabled,pinmapping=digi,sketchclock=16external	1.6.13	2792	59	2	false	0	0		0	
2020-08-26 04:48:18	444	444.85	https://travis-ci.org/SpenceKonde/ATTinyCore/jobs/721209525	push		false	master	8ad7f948c8fa27f8b498b0f4dcb606e2fa52f293	e9b5fbd1958e...8ad7f948c8fa	copy/paste mistake in bootloader file name	/home/travis/Arduino/hardware/ATTinyCore/avr/libraries/Servo/examples/Sweep/Sweep.ino	ATTinyCore:avr:attinyx7micr:LTO=disable,bod=4v3,neopixelport=portb,millis=enabled,pinmapping=digi,sketchclock=16external	1.6.13	2730	56	2	false	0	0		0	
2020-08-26 04:48:22	444	444.85	https://travis-ci.org/SpenceKonde/ATTinyCore/jobs/721209525	push		false	master	8ad7f948c8fa27f8b498b0f4dcb606e2fa52f293	e9b5fbd1958e...8ad7f948c8fa	copy/paste mistake in bootloader file name	/home/travis/Arduino/hardware/ATTinyCore/avr/libraries/EEPROM/examples/eeprom_get/eeprom_get.ino	ATTinyCore:avr:attinyx7micr:LTO=disable,bod=4v3,neopixelport=portb,millis=enabled,pinmapping=digi,sketchclock=16external	1.6.13	3560	158	0	false	0	0		0	
2020-08-26 04:48:26	444	444.85	https://travis-ci.org/SpenceKonde/ATTinyCore/jobs/721209525	push		false	master	8ad7f948c8fa27f8b498b0f4dcb606e2fa52f293	e9b5fbd1958e...8ad7f948c8fa	copy/paste mistake in bootloader file name	/home/travis/Arduino/hardware/ATTinyCore/avr/libraries/EEPROM/examples/eeprom_crc/eeprom_crc.ino	ATTinyCore:avr:attinyx7micr:LTO=disable,bod=4v3,neopixelport=portb,millis=enabled,pinmapping=digi,sketchclock=16external	1.6.13	2090	212	1	false	0	0		0	
2020-08-26 04:48:30	444	444.85	https://travis-ci.org/SpenceKonde/ATTinyCore/jobs/721209525	push		false	master	8ad7f948c8fa27f8b498b0f4dcb606e2fa52f293	e9b5fbd1958e...8ad7f948c8fa	copy/paste mistake in bootloader file name	/home/travis/Arduino/hardware/ATTinyCore/avr/libraries/EEPROM/examples/eeprom_read/eeprom_read.ino	ATTinyCore:avr:attinyx7micr:LTO=disable,bod=4v3,neopixelport=portb,millis=enabled,pinmapping=digi,sketchclock=16external	1.6.13	1990	103	1	false	0	0		0	
2020-08-26 04:48:34	444	444.85	https://travis-ci.org/SpenceKonde/ATTinyCore/jobs/721209525	push		false	master	8ad7f948c8fa27f8b498b0f4dcb606e2fa52f293	e9b5fbd1958e...8ad7f948c8fa	copy/paste mistake in bootloader file name	/home/travis/Arduino/hardware/ATTinyCore/avr/libraries/EEPROM/examples/eeprom_clear/eeprom_clear.ino	ATTinyCore:avr:attinyx7micr:LTO=disable,bod=4v3,neopixelport=portb,millis=enabled,pinmapping=digi,sketchclock=16external	1.6.13	816	9	1	false	0	0		0	
2020-08-26 04:48:38	444	444.85	https://travis-ci.org/SpenceKonde/ATTinyCore/jobs/721209525	push		false	master	8ad7f948c8fa27f8b498b0f4dcb606e2fa52f293	e9b5fbd1958e...8ad7f948c8fa	copy/paste mistake in bootloader file name	/home/travis/Arduino/hardware/ATTinyCore/avr/libraries/EEPROM/examples/eeprom_write/eeprom_write.ino	ATTinyCore:avr:attinyx7micr:LTO=disable,bod=4v3,neopixelport=portb,millis=enabled,pinmapping=digi,sketchclock=16external	1.6.13	664	12	0	false	0	0		0	
2020-08-26 04:48:42	444	444.85	https://travis-ci.org/SpenceKonde/ATTinyCore/jobs/721209525	push		false	master	8ad7f948c8fa27f8b498b0f4dcb606e2fa52f293	e9b5fbd1958e...8ad7f948c8fa	copy/paste mistake in bootloader file name	/home/travis/Arduino/hardware/ATTinyCore/avr/libraries/EEPROM/examples/eeprom_iteration/eeprom_iteration.ino	ATTinyCore:avr:attinyx7micr:LTO=disable,bod=4v3,neopixelport=portb,millis=enabled,pinmapping=digi,sketchclock=16external	1.6.13	562	9	3	false	0	0		0	
2020-08-26 04:48:46	444	444.85	https://travis-ci.org/SpenceKonde/ATTinyCore/jobs/721209525	push		false	master	8ad7f948c8fa27f8b498b0f4dcb606e2fa52f293	e9b5fbd1958e...8ad7f948c8fa	copy/paste mistake in bootloader file name	/home/travis/Arduino/hardware/ATTinyCore/avr/libraries/EEPROM/examples/eeprom_update/eeprom_update.ino	ATTinyCore:avr:attinyx7micr:LTO=disable,bod=4v3,neopixelport=portb,millis=enabled,pinmapping=digi,sketchclock=16external	1.6.13	714	12	1	false	0	0		0	
2020-08-26 04:48:50	444	444.85	https://travis-ci.org/SpenceKonde/ATTinyCore/jobs/721209525	push		false	master	8ad7f948c8fa27f8b498b0f4dcb606e2fa52f293	e9b5fbd1958e...8ad7f948c8fa	copy/paste mistake in bootloader file name	/home/travis/Arduino/hardware/ATTinyCore/avr/libraries/EEPROM/examples/eeprom_put/eeprom_put.ino	ATTinyCore:avr:attinyx7micr:LTO=disable,bod=4v3,neopixelport=portb,millis=enabled,pinmapping=digi,sketchclock=16external	1.6.13	1766	242	0	false	0	0		0	
2020-08-26 04:48:54	444	444.85	https://travis-ci.org/SpenceKonde/ATTinyCore/jobs/721209525	push		false	master	8ad7f948c8fa27f8b498b0f4dcb606e2fa52f293	e9b5fbd1958e...8ad7f948c8fa	copy/paste mistake in bootloader file name	/home/travis/Arduino/hardware/ATTinyCore/avr/libraries/ATTinyCore/examples/TemperatureRead/TemperatureRead.ino	ATTinyCore:avr:attinyx7micr:LTO=disable,bod=4v3,neopixelport=portb,millis=enabled,pinmapping=digi,sketchclock=16external	1.6.13	1946	105	0	false	0	0		0	
2020-08-26 04:48:58	444	444.85	https://travis-ci.org/SpenceKonde/ATTinyCore/jobs/721209525	push		false	master	8ad7f948c8fa27f8b498b0f4dcb606e2fa52f293	e9b5fbd1958e...8ad7f948c8fa	copy/paste mistake in bootloader file name	/home/travis/Arduino/hardware/ATTinyCore/avr/libraries/tinyNeoPixel_Static/examples/strandtest/strandtest.ino	ATTinyCore:avr:attinyx7micr:LTO=disable,bod=4v3,neopixelport=portb,millis=enabled,pinmapping=digi,sketchclock=16external	1.6.13	2688	208	5	false	0	0		0	
2020-08-26 04:49:03	444	444.85	https://travis-ci.org/SpenceKonde/ATTinyCore/jobs/721209525	push		false	master	8ad7f948c8fa27f8b498b0f4dcb606e2fa52f293	e9b5fbd1958e...8ad7f948c8fa	copy/paste mistake in bootloader file name	/home/travis/Arduino/hardware/ATTinyCore/avr/libraries/tinyNeoPixel_Static/examples/buttoncycler/buttoncycler.ino	ATTinyCore:avr:attinyx7micr:LTO=disable,bod=4v3,neopixelport=portb,millis=enabled,pinmapping=digi,sketchclock=16external	1.6.13	2936	80	5	false	0	0		0	
2020-08-26 04:49:07	444	444.85	https://travis-ci.org/SpenceKonde/ATTinyCore/jobs/721209525	push		false	master	8ad7f948c8fa27f8b498b0f4dcb606e2fa52f293	e9b5fbd1958e...8ad7f948c8fa	copy/paste mistake in bootloader file name	/home/travis/Arduino/hardware/ATTinyCore/avr/libraries/tinyNeoPixel_Static/examples/simple/simple.ino	ATTinyCore:avr:attinyx7micr:LTO=disable,bod=4v3,neopixelport=portb,millis=enabled,pinmapping=digi,sketchclock=16external	1.6.13	1754	78	1	false	0	0		0	
2020-08-26 04:49:11	444	444.85	https://travis-ci.org/SpenceKonde/ATTinyCore/jobs/721209525	push		false	master	8ad7f948c8fa27f8b498b0f4dcb606e2fa52f293	e9b5fbd1958e...8ad7f948c8fa	copy/paste mistake in bootloader file name	/home/travis/Arduino/hardware/ATTinyCore/avr/libraries/SPI/examples/BarometricPressureSensor/BarometricPressureSensor.ino	ATTinyCore:avr:attinyx7micr:LTO=disable,bod=4v3,neopixelport=portb,millis=enabled,pinmapping=digi,sketchclock=16external	1.6.13	6434	133	1	false	0	0		0	
2020-08-26 04:49:15	444	444.85	https://travis-ci.org/SpenceKonde/ATTinyCore/jobs/721209525	push		false	master	8ad7f948c8fa27f8b498b0f4dcb606e2fa52f293	e9b5fbd1958e...8ad7f948c8fa	copy/paste mistake in bootloader file name	/home/travis/Arduino/hardware/ATTinyCore/avr/libraries/SPI/examples/DigitalPotControl/DigitalPotControl.ino	ATTinyCore:avr:attinyx7micr:LTO=disable,bod=4v3,neopixelport=portb,millis=enabled,pinmapping=digi,sketchclock=16external	1.6.13	1186	10	0	false	0	0		0	
2020-08-26 04:49:19	444	444.85	https://travis-ci.org/SpenceKonde/ATTinyCore/jobs/721209525	push		false	master	8ad7f948c8fa27f8b498b0f4dcb606e2fa52f293	e9b5fbd1958e...8ad7f948c8fa	copy/paste mistake in bootloader file name	/home/travis/Arduino/hardware/ATTinyCore/avr/libraries/Wire/examples/SFRRanger_reader/SFRRanger_reader.ino	ATTinyCore:avr:attinyx7micr:LTO=disable,bod=4v3,neopixelport=portb,millis=enabled,pinmapping=digi,sketchclock=16external	1.6.13	3518	149	0	false	0	0		0	
2020-08-26 04:49:23	444	444.85	https://travis-ci.org/SpenceKonde/ATTinyCore/jobs/721209525	push		false	master	8ad7f948c8fa27f8b498b0f4dcb606e2fa52f293	e9b5fbd1958e...8ad7f948c8fa	copy/paste mistake in bootloader file name	/home/travis/Arduino/hardware/ATTinyCore/avr/libraries/Wire/examples/master_writer/master_writer.ino	ATTinyCore:avr:attinyx7micr:LTO=disable,bod=4v3,neopixelport=portb,millis=enabled,pinmapping=digi,sketchclock=16external	1.6.13	1868	65	0	false	0	0		0	
2020-08-26 04:49:27	444	444.85	https://travis-ci.org/SpenceKonde/ATTinyCore/jobs/721209525	push		false	master	8ad7f948c8fa27f8b498b0f4dcb606e2fa52f293	e9b5fbd1958e...8ad7f948c8fa	copy/paste mistake in bootloader file name	/home/travis/Arduino/hardware/ATTinyCore/avr/libraries/Wire/examples/digital_potentiometer/digital_potentiometer.ino	ATTinyCore:avr:attinyx7micr:LTO=disable,bod=4v3,neopixelport=portb,millis=enabled,pinmapping=digi,sketchclock=16external	1.6.13	1768	59	0	false	0	0		0	
2020-08-26 04:49:32	444	444.85	https://travis-ci.org/SpenceKonde/ATTinyCore/jobs/721209525	push		false	master	8ad7f948c8fa27f8b498b0f4dcb606e2fa52f293	e9b5fbd1958e...8ad7f948c8fa	copy/paste mistake in bootloader file name	/home/travis/Arduino/hardware/ATTinyCore/avr/libraries/Wire/examples/slave_receiver/slave_receiver.ino	ATTinyCore:avr:attinyx7micr:LTO=disable,bod=4v3,neopixelport=portb,millis=enabled,pinmapping=digi,sketchclock=16external	1.6.13	2702	145	1	false	0	0		0	
2020-08-26 04:49:36	444	444.85	https://travis-ci.org/SpenceKonde/ATTinyCore/jobs/721209525	push		false	master	8ad7f948c8fa27f8b498b0f4dcb606e2fa52f293	e9b5fbd1958e...8ad7f948c8fa	copy/paste mistake in bootloader file name	/home/travis/Arduino/hardware/ATTinyCore/avr/libraries/Wire/examples/master_reader/master_reader.ino	ATTinyCore:avr:attinyx7micr:LTO=disable,bod=4v3,neopixelport=portb,millis=enabled,pinmapping=digi,sketchclock=16external	1.6.13	2914	147	0	false	0	0		0	
2020-08-26 04:49:40	444	444.85	https://travis-ci.org/SpenceKonde/ATTinyCore/jobs/721209525	push		false	master	8ad7f948c8fa27f8b498b0f4dcb606e2fa52f293	e9b5fbd1958e...8ad7f948c8fa	copy/paste mistake in bootloader file name	/home/travis/Arduino/hardware/ATTinyCore/avr/libraries/Wire/examples/slave_sender/slave_sender.ino	ATTinyCore:avr:attinyx7micr:LTO=disable,bod=4v3,neopixelport=portb,millis=enabled,pinmapping=digi,sketchclock=16external	1.6.13	1486	65	0	false	0	0		0	
2020-08-26 04:49:44	444	444.85	https://travis-ci.org/SpenceKonde/ATTinyCore/jobs/721209525	push		false	master	8ad7f948c8fa27f8b498b0f4dcb606e2fa52f293	e9b5fbd1958e...8ad7f948c8fa	copy/paste mistake in bootloader file name	/home/travis/Arduino/hardware/ATTinyCore/avr/libraries/Servo_ATTinyCore/examples/Knob/Knob.ino	ATTinyCore:avr:attinyx7micr:LTO=disable,bod=4v3,neopixelport=portb,millis=enabled,pinmapping=digi,sketchclock=16external	1.6.13	2792	59	2	false	0	0		0	
2020-08-26 04:49:48	444	444.85	https://travis-ci.org/SpenceKonde/ATTinyCore/jobs/721209525	push		false	master	8ad7f948c8fa27f8b498b0f4dcb606e2fa52f293	e9b5fbd1958e...8ad7f948c8fa	copy/paste mistake in bootloader file name	/home/travis/Arduino/hardware/ATTinyCore/avr/libraries/Servo_ATTinyCore/examples/Sweep/Sweep.ino	ATTinyCore:avr:attinyx7micr:LTO=disable,bod=4v3,neopixelport=portb,millis=enabled,pinmapping=digi,sketchclock=16external	1.6.13	2730	56	2	false	0	0		0	
2020-08-26 04:49:53	444	444.85	https://travis-ci.org/SpenceKonde/ATTinyCore/jobs/721209525	push		false	master	8ad7f948c8fa27f8b498b0f4dcb606e2fa52f293	e9b5fbd1958e...8ad7f948c8fa	copy/paste mistake in bootloader file name	/home/travis/Arduino/hardware/ATTinyCore/avr/libraries/SoftwareSerial/examples/SoftwareSerialExample/SoftwareSerialExample.ino	ATTinyCore:avr:attinyx7micr:LTO=disable,bod=4v3,neopixelport=portb,millis=enabled,pinmapping=digi,sketchclock=16external	1.8.6	3268	237	5	false	0	0		0	
2020-08-26 04:49:55	444	444.85	https://travis-ci.org/SpenceKonde/ATTinyCore/jobs/721209525	push		false	master	8ad7f948c8fa27f8b498b0f4dcb606e2fa52f293	e9b5fbd1958e...8ad7f948c8fa	copy/paste mistake in bootloader file name	/home/travis/Arduino/hardware/ATTinyCore/avr/libraries/SoftwareSerial/examples/TwoPortReceive/TwoPortReceive.ino	ATTinyCore:avr:attinyx7micr:LTO=disable,bod=4v3,neopixelport=portb,millis=enabled,pinmapping=digi,sketchclock=16external	1.8.6	3354	278	5	false	0	0		0	
2020-08-26 04:49:58	444	444.85	https://travis-ci.org/SpenceKonde/ATTinyCore/jobs/721209525	push		false	master	8ad7f948c8fa27f8b498b0f4dcb606e2fa52f293	e9b5fbd1958e...8ad7f948c8fa	copy/paste mistake in bootloader file name	/home/travis/Arduino/hardware/ATTinyCore/avr/libraries/tinyNeoPixel/examples/strandtest/strandtest.ino	ATTinyCore:avr:attinyx7micr:LTO=disable,bod=4v3,neopixelport=portb,millis=enabled,pinmapping=digi,sketchclock=16external	1.8.6	3688	39	0	false	0	0		0	
2020-08-26 04:50:00	444	444.85	https://travis-ci.org/SpenceKonde/ATTinyCore/jobs/721209525	push		false	master	8ad7f948c8fa27f8b498b0f4dcb606e2fa52f293	e9b5fbd1958e...8ad7f948c8fa	copy/paste mistake in bootloader file name	/home/travis/Arduino/hardware/ATTinyCore/avr/libraries/tinyNeoPixel/examples/buttoncycler/buttoncycler.ino	ATTinyCore:avr:attinyx7micr:LTO=disable,bod=4v3,neopixelport=portb,millis=enabled,pinmapping=digi,sketchclock=16external	1.8.6	2722	41	0	false	0	0		0	
2020-08-26 04:50:03	444	444.85	https://travis-ci.org/SpenceKonde/ATTinyCore/jobs/721209525	push		false	master	8ad7f948c8fa27f8b498b0f4dcb606e2fa52f293	e9b5fbd1958e...8ad7f948c8fa	copy/paste mistake in bootloader file name	/home/travis/Arduino/hardware/ATTinyCore/avr/libraries/tinyNeoPixel/examples/RGBWstrandtest/RGBWstrandtest.ino	ATTinyCore:avr:attinyx7micr:LTO=disable,bod=4v3,neopixelport=portb,millis=enabled,pinmapping=digi,sketchclock=16external	1.8.6	6544	382	6	false	0	0		0	
2020-08-26 04:50:06	444	444.85	https://travis-ci.org/SpenceKonde/ATTinyCore/jobs/721209525	push		false	master	8ad7f948c8fa27f8b498b0f4dcb606e2fa52f293	e9b5fbd1958e...8ad7f948c8fa	copy/paste mistake in bootloader file name	/home/travis/Arduino/hardware/ATTinyCore/avr/libraries/tinyNeoPixel/examples/simple/simple.ino	ATTinyCore:avr:attinyx7micr:LTO=disable,bod=4v3,neopixelport=portb,millis=enabled,pinmapping=digi,sketchclock=16external	1.8.6	2722	41	0	false	0	0		0	
2020-08-26 04:50:08	444	444.85	https://travis-ci.org/SpenceKonde/ATTinyCore/jobs/721209525	push		false	master	8ad7f948c8fa27f8b498b0f4dcb606e2fa52f293	e9b5fbd1958e...8ad7f948c8fa	copy/paste mistake in bootloader file name	/home/travis/Arduino/hardware/ATTinyCore/avr/libraries/Servo/examples/Knob/Knob.ino	ATTinyCore:avr:attinyx7micr:LTO=disable,bod=4v3,neopixelport=portb,millis=enabled,pinmapping=digi,sketchclock=16external	1.8.6	2580	55	2	false	0	0		0	
2020-08-26 04:50:11	444	444.85	https://travis-ci.org/SpenceKonde/ATTinyCore/jobs/721209525	push		false	master	8ad7f948c8fa27f8b498b0f4dcb606e2fa52f293	e9b5fbd1958e...8ad7f948c8fa	copy/paste mistake in bootloader file name	/home/travis/Arduino/hardware/ATTinyCore/avr/libraries/Servo/examples/Sweep/Sweep.ino	ATTinyCore:avr:attinyx7micr:LTO=disable,bod=4v3,neopixelport=portb,millis=enabled,pinmapping=digi,sketchclock=16external	1.8.6	2518	52	2	false	0	0		0	
2020-08-26 04:50:13	444	444.85	https://travis-ci.org/SpenceKonde/ATTinyCore/jobs/721209525	push		false	master	8ad7f948c8fa27f8b498b0f4dcb606e2fa52f293	e9b5fbd1958e...8ad7f948c8fa	copy/paste mistake in bootloader file name	/home/travis/Arduino/hardware/ATTinyCore/avr/libraries/EEPROM/examples/eeprom_get/eeprom_get.ino	ATTinyCore:avr:attinyx7micr:LTO=disable,bod=4v3,neopixelport=portb,millis=enabled,pinmapping=digi,sketchclock=16external	1.8.6	3568	152	0	false	0	0		0	
2020-08-26 04:50:16	444	444.85	https://travis-ci.org/SpenceKonde/ATTinyCore/jobs/721209525	push		false	master	8ad7f948c8fa27f8b498b0f4dcb606e2fa52f293	e9b5fbd1958e...8ad7f948c8fa	copy/paste mistake in bootloader file name	/home/travis/Arduino/hardware/ATTinyCore/avr/libraries/EEPROM/examples/eeprom_crc/eeprom_crc.ino	ATTinyCore:avr:attinyx7micr:LTO=disable,bod=4v3,neopixelport=portb,millis=enabled,pinmapping=digi,sketchclock=16external	1.8.6	2086	206	1	false	0	0		0	
2020-08-26 04:50:18	444	444.85	https://travis-ci.org/SpenceKonde/ATTinyCore/jobs/721209525	push		false	master	8ad7f948c8fa27f8b498b0f4dcb606e2fa52f293	e9b5fbd1958e...8ad7f948c8fa	copy/paste mistake in bootloader file name	/home/travis/Arduino/hardware/ATTinyCore/avr/libraries/EEPROM/examples/eeprom_read/eeprom_read.ino	ATTinyCore:avr:attinyx7micr:LTO=disable,bod=4v3,neopixelport=portb,millis=enabled,pinmapping=digi,sketchclock=16external	1.8.6	1984	97	1	false	0	0		0	
2020-08-26 04:50:21	444	444.85	https://travis-ci.org/SpenceKonde/ATTinyCore/jobs/721209525	push		false	master	8ad7f948c8fa27f8b498b0f4dcb606e2fa52f293	e9b5fbd1958e...8ad7f948c8fa	copy/paste mistake in bootloader file name	/home/travis/Arduino/hardware/ATTinyCore/avr/libraries/EEPROM/examples/eeprom_clear/eeprom_clear.ino	ATTinyCore:avr:attinyx7micr:LTO=disable,bod=4v3,neopixelport=portb,millis=enabled,pinmapping=digi,sketchclock=16external	1.8.6	822	9	1	false	0	0		0	
2020-08-26 04:50:23	444	444.85	https://travis-ci.org/SpenceKonde/ATTinyCore/jobs/721209525	push		false	master	8ad7f948c8fa27f8b498b0f4dcb606e2fa52f293	e9b5fbd1958e...8ad7f948c8fa	copy/paste mistake in bootloader file name	/home/travis/Arduino/hardware/ATTinyCore/avr/libraries/EEPROM/examples/eeprom_write/eeprom_write.ino	ATTinyCore:avr:attinyx7micr:LTO=disable,bod=4v3,neopixelport=portb,millis=enabled,pinmapping=digi,sketchclock=16external	1.8.6	664	12	0	false	0	0		0	
2020-08-26 04:50:26	444	444.85	https://travis-ci.org/SpenceKonde/ATTinyCore/jobs/721209525	push		false	master	8ad7f948c8fa27f8b498b0f4dcb606e2fa52f293	e9b5fbd1958e...8ad7f948c8fa	copy/paste mistake in bootloader file name	/home/travis/Arduino/hardware/ATTinyCore/avr/libraries/EEPROM/examples/eeprom_iteration/eeprom_iteration.ino	ATTinyCore:avr:attinyx7micr:LTO=disable,bod=4v3,neopixelport=portb,millis=enabled,pinmapping=digi,sketchclock=16external	1.8.6	550	9	3	false	0	0		0	
2020-08-26 04:50:28	444	444.85	https://travis-ci.org/SpenceKonde/ATTinyCore/jobs/721209525	push		false	master	8ad7f948c8fa27f8b498b0f4dcb606e2fa52f293	e9b5fbd1958e...8ad7f948c8fa	copy/paste mistake in bootloader file name	/home/travis/Arduino/hardware/ATTinyCore/avr/libraries/EEPROM/examples/eeprom_update/eeprom_update.ino	ATTinyCore:avr:attinyx7micr:LTO=disable,bod=4v3,neopixelport=portb,millis=enabled,pinmapping=digi,sketchclock=16external	1.8.6	714	12	1	false	0	0		0	
2020-08-26 04:50:30	444	444.85	https://travis-ci.org/SpenceKonde/ATTinyCore/jobs/721209525	push		false	master	8ad7f948c8fa27f8b498b0f4dcb606e2fa52f293	e9b5fbd1958e...8ad7f948c8fa	copy/paste mistake in bootloader file name	/home/travis/Arduino/hardware/ATTinyCore/avr/libraries/EEPROM/examples/eeprom_put/eeprom_put.ino	ATTinyCore:avr:attinyx7micr:LTO=disable,bod=4v3,neopixelport=portb,millis=enabled,pinmapping=digi,sketchclock=16external	1.8.6	1736	236	0	false	0	0		0	
2020-08-26 04:50:33	444	444.85	https://travis-ci.org/SpenceKonde/ATTinyCore/jobs/721209525	push		false	master	8ad7f948c8fa27f8b498b0f4dcb606e2fa52f293	e9b5fbd1958e...8ad7f948c8fa	copy/paste mistake in bootloader file name	/home/travis/Arduino/hardware/ATTinyCore/avr/libraries/ATTinyCore/examples/TemperatureRead/TemperatureRead.ino	ATTinyCore:avr:attinyx7micr:LTO=disable,bod=4v3,neopixelport=portb,millis=enabled,pinmapping=digi,sketchclock=16external	1.8.6	1944	99	0	false	0	0		0	
2020-08-26 04:50:35	444	444.85	https://travis-ci.org/SpenceKonde/ATTinyCore/jobs/721209525	push		false	master	8ad7f948c8fa27f8b498b0f4dcb606e2fa52f293	e9b5fbd1958e...8ad7f948c8fa	copy/paste mistake in bootloader file name	/home/travis/Arduino/hardware/ATTinyCore/avr/libraries/tinyNeoPixel_Static/examples/strandtest/strandtest.ino	ATTinyCore:avr:attinyx7micr:LTO=disable,bod=4v3,neopixelport=portb,millis=enabled,pinmapping=digi,sketchclock=16external	1.8.6	2678	208	5	false	0	0		0	
2020-08-26 04:50:38	444	444.85	https://travis-ci.org/SpenceKonde/ATTinyCore/jobs/721209525	push		false	master	8ad7f948c8fa27f8b498b0f4dcb606e2fa52f293	e9b5fbd1958e...8ad7f948c8fa	copy/paste mistake in bootloader file name	/home/travis/Arduino/hardware/ATTinyCore/avr/libraries/tinyNeoPixel_Static/examples/buttoncycler/buttoncycler.ino	ATTinyCore:avr:attinyx7micr:LTO=disable,bod=4v3,neopixelport=portb,millis=enabled,pinmapping=digi,sketchclock=16external	1.8.6	2940	80	5	false	0	0		0	
2020-08-26 04:50:41	444	444.85	https://travis-ci.org/SpenceKonde/ATTinyCore/jobs/721209525	push		false	master	8ad7f948c8fa27f8b498b0f4dcb606e2fa52f293	e9b5fbd1958e...8ad7f948c8fa	copy/paste mistake in bootloader file name	/home/travis/Arduino/hardware/ATTinyCore/avr/libraries/tinyNeoPixel_Static/examples/simple/simple.ino	ATTinyCore:avr:attinyx7micr:LTO=disable,bod=4v3,neopixelport=portb,millis=enabled,pinmapping=digi,sketchclock=16external	1.8.6	1744	78	1	false	0	0		0	
2020-08-26 04:50:43	444	444.85	https://travis-ci.org/SpenceKonde/ATTinyCore/jobs/721209525	push		false	master	8ad7f948c8fa27f8b498b0f4dcb606e2fa52f293	e9b5fbd1958e...8ad7f948c8fa	copy/paste mistake in bootloader file name	/home/travis/Arduino/hardware/ATTinyCore/avr/libraries/SPI/examples/BarometricPressureSensor/BarometricPressureSensor.ino	ATTinyCore:avr:attinyx7micr:LTO=disable,bod=4v3,neopixelport=portb,millis=enabled,pinmapping=digi,sketchclock=16external	1.8.6	6408	133	1	false	0	0		0	
2020-08-26 04:50:46	444	444.85	https://travis-ci.org/SpenceKonde/ATTinyCore/jobs/721209525	push		false	master	8ad7f948c8fa27f8b498b0f4dcb606e2fa52f293	e9b5fbd1958e...8ad7f948c8fa	copy/paste mistake in bootloader file name	/home/travis/Arduino/hardware/ATTinyCore/avr/libraries/SPI/examples/DigitalPotControl/DigitalPotControl.ino	ATTinyCore:avr:attinyx7micr:LTO=disable,bod=4v3,neopixelport=portb,millis=enabled,pinmapping=digi,sketchclock=16external	1.8.6	1192	10	0	false	0	0		0	
2020-08-26 04:50:49	444	444.85	https://travis-ci.org/SpenceKonde/ATTinyCore/jobs/721209525	push		false	master	8ad7f948c8fa27f8b498b0f4dcb606e2fa52f293	e9b5fbd1958e...8ad7f948c8fa	copy/paste mistake in bootloader file name	/home/travis/Arduino/hardware/ATTinyCore/avr/libraries/Wire/examples/SFRRanger_reader/SFRRanger_reader.ino	ATTinyCore:avr:attinyx7micr:LTO=disable,bod=4v3,neopixelport=portb,millis=enabled,pinmapping=digi,sketchclock=16external	1.8.6	3516	143	0	false	0	0		0	
2020-08-26 04:50:51	444	444.85	https://travis-ci.org/SpenceKonde/ATTinyCore/jobs/721209525	push		false	master	8ad7f948c8fa27f8b498b0f4dcb606e2fa52f293	e9b5fbd1958e...8ad7f948c8fa	copy/paste mistake in bootloader file name	/home/travis/Arduino/hardware/ATTinyCore/avr/libraries/Wire/examples/master_writer/master_writer.ino	ATTinyCore:avr:attinyx7micr:LTO=disable,bod=4v3,neopixelport=portb,millis=enabled,pinmapping=digi,sketchclock=16external	1.8.6	1868	65	0	false	0	0		0	
2020-08-26 04:50:54	444	444.85	https://travis-ci.org/SpenceKonde/ATTinyCore/jobs/721209525	push		false	master	8ad7f948c8fa27f8b498b0f4dcb606e2fa52f293	e9b5fbd1958e...8ad7f948c8fa	copy/paste mistake in bootloader file name	/home/travis/Arduino/hardware/ATTinyCore/avr/libraries/Wire/examples/digital_potentiometer/digital_potentiometer.ino	ATTinyCore:avr:attinyx7micr:LTO=disable,bod=4v3,neopixelport=portb,millis=enabled,pinmapping=digi,sketchclock=16external	1.8.6	1768	59	0	false	0	0		0	
2020-08-26 04:50:57	444	444.85	https://travis-ci.org/SpenceKonde/ATTinyCore/jobs/721209525	push		false	master	8ad7f948c8fa27f8b498b0f4dcb606e2fa52f293	e9b5fbd1958e...8ad7f948c8fa	copy/paste mistake in bootloader file name	/home/travis/Arduino/hardware/ATTinyCore/avr/libraries/Wire/examples/slave_receiver/slave_receiver.ino	ATTinyCore:avr:attinyx7micr:LTO=disable,bod=4v3,neopixelport=portb,millis=enabled,pinmapping=digi,sketchclock=16external	1.8.6	2686	139	1	false	0	0		0	
2020-08-26 04:50:59	444	444.85	https://travis-ci.org/SpenceKonde/ATTinyCore/jobs/721209525	push		false	master	8ad7f948c8fa27f8b498b0f4dcb606e2fa52f293	e9b5fbd1958e...8ad7f948c8fa	copy/paste mistake in bootloader file name	/home/travis/Arduino/hardware/ATTinyCore/avr/libraries/Wire/examples/master_reader/master_reader.ino	ATTinyCore:avr:attinyx7micr:LTO=disable,bod=4v3,neopixelport=portb,millis=enabled,pinmapping=digi,sketchclock=16external	1.8.6	2908	141	0	false	0	0		0	
2020-08-26 04:51:02	444	444.85	https://travis-ci.org/SpenceKonde/ATTinyCore/jobs/721209525	push		false	master	8ad7f948c8fa27f8b498b0f4dcb606e2fa52f293	e9b5fbd1958e...8ad7f948c8fa	copy/paste mistake in bootloader file name	/home/travis/Arduino/hardware/ATTinyCore/avr/libraries/Wire/examples/slave_sender/slave_sender.ino	ATTinyCore:avr:attinyx7micr:LTO=disable,bod=4v3,neopixelport=portb,millis=enabled,pinmapping=digi,sketchclock=16external	1.8.6	1472	65	0	false	0	0		0	
2020-08-26 04:51:05	444	444.85	https://travis-ci.org/SpenceKonde/ATTinyCore/jobs/721209525	push		false	master	8ad7f948c8fa27f8b498b0f4dcb606e2fa52f293	e9b5fbd1958e...8ad7f948c8fa	copy/paste mistake in bootloader file name	/home/travis/Arduino/hardware/ATTinyCore/avr/libraries/Servo_ATTinyCore/examples/Knob/Knob.ino	ATTinyCore:avr:attinyx7micr:LTO=disable,bod=4v3,neopixelport=portb,millis=enabled,pinmapping=digi,sketchclock=16external	1.8.6	2580	55	2	false	0	0		0	
2020-08-26 04:51:07	444	444.85	https://travis-ci.org/SpenceKonde/ATTinyCore/jobs/721209525	push		false	master	8ad7f948c8fa27f8b498b0f4dcb606e2fa52f293	e9b5fbd1958e...8ad7f948c8fa	copy/paste mistake in bootloader file name	/home/travis/Arduino/hardware/ATTinyCore/avr/libraries/Servo_ATTinyCore/examples/Sweep/Sweep.ino	ATTinyCore:avr:attinyx7micr:LTO=disable,bod=4v3,neopixelport=portb,millis=enabled,pinmapping=digi,sketchclock=16external	1.8.6	2518	52	2	false	0	0		0	
2020-08-26 04:51:13	444	444.85	https://travis-ci.org/SpenceKonde/ATTinyCore/jobs/721209525	push		false	master	8ad7f948c8fa27f8b498b0f4dcb606e2fa52f293	e9b5fbd1958e...8ad7f948c8fa	copy/paste mistake in bootloader file name	/home/travis/Arduino/hardware/ATTinyCore/avr/libraries/SoftwareSerial/examples/SoftwareSerialExample/SoftwareSerialExample.ino	ATTinyCore:avr:attinyx7micr:LTO=disable,bod=4v3,neopixelport=portb,millis=enabled,pinmapping=digi,sketchclock=16external	1.8.13	3268	237	4	false	0	0		0	
2020-08-26 04:51:16	444	444.85	https://travis-ci.org/SpenceKonde/ATTinyCore/jobs/721209525	push		false	master	8ad7f948c8fa27f8b498b0f4dcb606e2fa52f293	e9b5fbd1958e...8ad7f948c8fa	copy/paste mistake in bootloader file name	/home/travis/Arduino/hardware/ATTinyCore/avr/libraries/SoftwareSerial/examples/TwoPortReceive/TwoPortReceive.ino	ATTinyCore:avr:attinyx7micr:LTO=disable,bod=4v3,neopixelport=portb,millis=enabled,pinmapping=digi,sketchclock=16external	1.8.13	3354	278	4	false	0	0		0	
2020-08-26 04:51:19	444	444.85	https://travis-ci.org/SpenceKonde/ATTinyCore/jobs/721209525	push		false	master	8ad7f948c8fa27f8b498b0f4dcb606e2fa52f293	e9b5fbd1958e...8ad7f948c8fa	copy/paste mistake in bootloader file name	/home/travis/Arduino/hardware/ATTinyCore/avr/libraries/tinyNeoPixel/examples/strandtest/strandtest.ino	ATTinyCore:avr:attinyx7micr:LTO=disable,bod=4v3,neopixelport=portb,millis=enabled,pinmapping=digi,sketchclock=16external	1.8.13	3644	39	0	false	0	0		0	
2020-08-26 04:51:22	444	444.85	https://travis-ci.org/SpenceKonde/ATTinyCore/jobs/721209525	push		false	master	8ad7f948c8fa27f8b498b0f4dcb606e2fa52f293	e9b5fbd1958e...8ad7f948c8fa	copy/paste mistake in bootloader file name	/home/travis/Arduino/hardware/ATTinyCore/avr/libraries/tinyNeoPixel/examples/buttoncycler/buttoncycler.ino	ATTinyCore:avr:attinyx7micr:LTO=disable,bod=4v3,neopixelport=portb,millis=enabled,pinmapping=digi,sketchclock=16external	1.8.13	2698	41	0	false	0	0		0	
2020-08-26 04:51:25	444	444.85	https://travis-ci.org/SpenceKonde/ATTinyCore/jobs/721209525	push		false	master	8ad7f948c8fa27f8b498b0f4dcb606e2fa52f293	e9b5fbd1958e...8ad7f948c8fa	copy/paste mistake in bootloader file name	/home/travis/Arduino/hardware/ATTinyCore/avr/libraries/tinyNeoPixel/examples/RGBWstrandtest/RGBWstrandtest.ino	ATTinyCore:avr:attinyx7micr:LTO=disable,bod=4v3,neopixelport=portb,millis=enabled,pinmapping=digi,sketchclock=16external	1.8.13	6480	382	6	false	0	0		0	
2020-08-26 04:51:28	444	444.85	https://travis-ci.org/SpenceKonde/ATTinyCore/jobs/721209525	push		false	master	8ad7f948c8fa27f8b498b0f4dcb606e2fa52f293	e9b5fbd1958e...8ad7f948c8fa	copy/paste mistake in bootloader file name	/home/travis/Arduino/hardware/ATTinyCore/avr/libraries/tinyNeoPixel/examples/simple/simple.ino	ATTinyCore:avr:attinyx7micr:LTO=disable,bod=4v3,neopixelport=portb,millis=enabled,pinmapping=digi,sketchclock=16external	1.8.13	2698	41	0	false	0	0		0	
2020-08-26 04:51:31	444	444.85	https://travis-ci.org/SpenceKonde/ATTinyCore/jobs/721209525	push		false	master	8ad7f948c8fa27f8b498b0f4dcb606e2fa52f293	e9b5fbd1958e...8ad7f948c8fa	copy/paste mistake in bootloader file name	/home/travis/Arduino/hardware/ATTinyCore/avr/libraries/Servo/examples/Knob/Knob.ino	ATTinyCore:avr:attinyx7micr:LTO=disable,bod=4v3,neopixelport=portb,millis=enabled,pinmapping=digi,sketchclock=16external	1.8.13	2562	55	2	false	0	0		0	
2020-08-26 04:51:34	444	444.85	https://travis-ci.org/SpenceKonde/ATTinyCore/jobs/721209525	push		false	master	8ad7f948c8fa27f8b498b0f4dcb606e2fa52f293	e9b5fbd1958e...8ad7f948c8fa	copy/paste mistake in bootloader file name	/home/travis/Arduino/hardware/ATTinyCore/avr/libraries/Servo/examples/Sweep/Sweep.ino	ATTinyCore:avr:attinyx7micr:LTO=disable,bod=4v3,neopixelport=portb,millis=enabled,pinmapping=digi,sketchclock=16external	1.8.13	2504	52	2	false	0	0		0	
2020-08-26 04:51:37	444	444.85	https://travis-ci.org/SpenceKonde/ATTinyCore/jobs/721209525	push		false	master	8ad7f948c8fa27f8b498b0f4dcb606e2fa52f293	e9b5fbd1958e...8ad7f948c8fa	copy/paste mistake in bootloader file name	/home/travis/Arduino/hardware/ATTinyCore/avr/libraries/EEPROM/examples/eeprom_get/eeprom_get.ino	ATTinyCore:avr:attinyx7micr:LTO=disable,bod=4v3,neopixelport=portb,millis=enabled,pinmapping=digi,sketchclock=16external	1.8.13	3532	152	0	false	0	0		0	
2020-08-26 04:51:40	444	444.85	https://travis-ci.org/SpenceKonde/ATTinyCore/jobs/721209525	push		false	master	8ad7f948c8fa27f8b498b0f4dcb606e2fa52f293	e9b5fbd1958e...8ad7f948c8fa	copy/paste mistake in bootloader file name	/home/travis/Arduino/hardware/ATTinyCore/avr/libraries/EEPROM/examples/eeprom_crc/eeprom_crc.ino	ATTinyCore:avr:attinyx7micr:LTO=disable,bod=4v3,neopixelport=portb,millis=enabled,pinmapping=digi,sketchclock=16external	1.8.13	2072	206	1	false	0	0		0	
2020-08-26 04:51:43	444	444.85	https://travis-ci.org/SpenceKonde/ATTinyCore/jobs/721209525	push		false	master	8ad7f948c8fa27f8b498b0f4dcb606e2fa52f293	e9b5fbd1958e...8ad7f948c8fa	copy/paste mistake in bootloader file name	/home/travis/Arduino/hardware/ATTinyCore/avr/libraries/EEPROM/examples/eeprom_read/eeprom_read.ino	ATTinyCore:avr:attinyx7micr:LTO=disable,bod=4v3,neopixelport=portb,millis=enabled,pinmapping=digi,sketchclock=16external	1.8.13	1966	97	1	false	0	0		0	
2020-08-26 04:51:45	444	444.85	https://travis-ci.org/SpenceKonde/ATTinyCore/jobs/721209525	push		false	master	8ad7f948c8fa27f8b498b0f4dcb606e2fa52f293	e9b5fbd1958e...8ad7f948c8fa	copy/paste mistake in bootloader file name	/home/travis/Arduino/hardware/ATTinyCore/avr/libraries/EEPROM/examples/eeprom_clear/eeprom_clear.ino	ATTinyCore:avr:attinyx7micr:LTO=disable,bod=4v3,neopixelport=portb,millis=enabled,pinmapping=digi,sketchclock=16external	1.8.13	816	9	1	false	0	0		0	
2020-08-26 04:51:48	444	444.85	https://travis-ci.org/SpenceKonde/ATTinyCore/jobs/721209525	push		false	master	8ad7f948c8fa27f8b498b0f4dcb606e2fa52f293	e9b5fbd1958e...8ad7f948c8fa	copy/paste mistake in bootloader file name	/home/travis/Arduino/hardware/ATTinyCore/avr/libraries/EEPROM/examples/eeprom_write/eeprom_write.ino	ATTinyCore:avr:attinyx7micr:LTO=disable,bod=4v3,neopixelport=portb,millis=enabled,pinmapping=digi,sketchclock=16external	1.8.13	660	12	0	false	0	0		0	
2020-08-26 04:51:51	444	444.85	https://travis-ci.org/SpenceKonde/ATTinyCore/jobs/721209525	push		false	master	8ad7f948c8fa27f8b498b0f4dcb606e2fa52f293	e9b5fbd1958e...8ad7f948c8fa	copy/paste mistake in bootloader file name	/home/travis/Arduino/hardware/ATTinyCore/avr/libraries/EEPROM/examples/eeprom_iteration/eeprom_iteration.ino	ATTinyCore:avr:attinyx7micr:LTO=disable,bod=4v3,neopixelport=portb,millis=enabled,pinmapping=digi,sketchclock=16external	1.8.13	550	9	3	false	0	0		0	
2020-08-26 04:51:54	444	444.85	https://travis-ci.org/SpenceKonde/ATTinyCore/jobs/721209525	push		false	master	8ad7f948c8fa27f8b498b0f4dcb606e2fa52f293	e9b5fbd1958e...8ad7f948c8fa	copy/paste mistake in bootloader file name	/home/travis/Arduino/hardware/ATTinyCore/avr/libraries/EEPROM/examples/eeprom_update/eeprom_update.ino	ATTinyCore:avr:attinyx7micr:LTO=disable,bod=4v3,neopixelport=portb,millis=enabled,pinmapping=digi,sketchclock=16external	1.8.13	710	12	1	false	0	0		0	
2020-08-26 04:51:57	444	444.85	https://travis-ci.org/SpenceKonde/ATTinyCore/jobs/721209525	push		false	master	8ad7f948c8fa27f8b498b0f4dcb606e2fa52f293	e9b5fbd1958e...8ad7f948c8fa	copy/paste mistake in bootloader file name	/home/travis/Arduino/hardware/ATTinyCore/avr/libraries/EEPROM/examples/eeprom_put/eeprom_put.ino	ATTinyCore:avr:attinyx7micr:LTO=disable,bod=4v3,neopixelport=portb,millis=enabled,pinmapping=digi,sketchclock=16external	1.8.13	1724	236	0	false	0	0		0	
2020-08-26 04:52:00	444	444.85	https://travis-ci.org/SpenceKonde/ATTinyCore/jobs/721209525	push		false	master	8ad7f948c8fa27f8b498b0f4dcb606e2fa52f293	e9b5fbd1958e...8ad7f948c8fa	copy/paste mistake in bootloader file name	/home/travis/Arduino/hardware/ATTinyCore/avr/libraries/ATTinyCore/examples/TemperatureRead/TemperatureRead.ino	ATTinyCore:avr:attinyx7micr:LTO=disable,bod=4v3,neopixelport=portb,millis=enabled,pinmapping=digi,sketchclock=16external	1.8.13	1922	99	0	false	0	0		0	
2020-08-26 04:52:03	444	444.85	https://travis-ci.org/SpenceKonde/ATTinyCore/jobs/721209525	push		false	master	8ad7f948c8fa27f8b498b0f4dcb606e2fa52f293	e9b5fbd1958e...8ad7f948c8fa	copy/paste mistake in bootloader file name	/home/travis/Arduino/hardware/ATTinyCore/avr/libraries/tinyNeoPixel_Static/examples/strandtest/strandtest.ino	ATTinyCore:avr:attinyx7micr:LTO=disable,bod=4v3,neopixelport=portb,millis=enabled,pinmapping=digi,sketchclock=16external	1.8.13	2632	208	5	false	0	0		0	
2020-08-26 04:52:06	444	444.85	https://travis-ci.org/SpenceKonde/ATTinyCore/jobs/721209525	push		false	master	8ad7f948c8fa27f8b498b0f4dcb606e2fa52f293	e9b5fbd1958e...8ad7f948c8fa	copy/paste mistake in bootloader file name	/home/travis/Arduino/hardware/ATTinyCore/avr/libraries/tinyNeoPixel_Static/examples/buttoncycler/buttoncycler.ino	ATTinyCore:avr:attinyx7micr:LTO=disable,bod=4v3,neopixelport=portb,millis=enabled,pinmapping=digi,sketchclock=16external	1.8.13	2882	80	5	false	0	0		0	
2020-08-26 04:52:09	444	444.85	https://travis-ci.org/SpenceKonde/ATTinyCore/jobs/721209525	push		false	master	8ad7f948c8fa27f8b498b0f4dcb606e2fa52f293	e9b5fbd1958e...8ad7f948c8fa	copy/paste mistake in bootloader file name	/home/travis/Arduino/hardware/ATTinyCore/avr/libraries/tinyNeoPixel_Static/examples/simple/simple.ino	ATTinyCore:avr:attinyx7micr:LTO=disable,bod=4v3,neopixelport=portb,millis=enabled,pinmapping=digi,sketchclock=16external	1.8.13	1722	78	1	false	0	0		0	
2020-08-26 04:52:12	444	444.85	https://travis-ci.org/SpenceKonde/ATTinyCore/jobs/721209525	push		false	master	8ad7f948c8fa27f8b498b0f4dcb606e2fa52f293	e9b5fbd1958e...8ad7f948c8fa	copy/paste mistake in bootloader file name	/home/travis/Arduino/hardware/ATTinyCore/avr/libraries/SPI/examples/BarometricPressureSensor/BarometricPressureSensor.ino	ATTinyCore:avr:attinyx7micr:LTO=disable,bod=4v3,neopixelport=portb,millis=enabled,pinmapping=digi,sketchclock=16external	1.8.13	6340	133	1	false	0	0		0	
2020-08-26 04:52:15	444	444.85	https://travis-ci.org/SpenceKonde/ATTinyCore/jobs/721209525	push		false	master	8ad7f948c8fa27f8b498b0f4dcb606e2fa52f293	e9b5fbd1958e...8ad7f948c8fa	copy/paste mistake in bootloader file name	/home/travis/Arduino/hardware/ATTinyCore/avr/libraries/SPI/examples/DigitalPotControl/DigitalPotControl.ino	ATTinyCore:avr:attinyx7micr:LTO=disable,bod=4v3,neopixelport=portb,millis=enabled,pinmapping=digi,sketchclock=16external	1.8.13	1186	10	0	false	0	0		0	
2020-08-26 04:52:18	444	444.85	https://travis-ci.org/SpenceKonde/ATTinyCore/jobs/721209525	push		false	master	8ad7f948c8fa27f8b498b0f4dcb606e2fa52f293	e9b5fbd1958e...8ad7f948c8fa	copy/paste mistake in bootloader file name	/home/travis/Arduino/hardware/ATTinyCore/avr/libraries/Wire/examples/SFRRanger_reader/SFRRanger_reader.ino	ATTinyCore:avr:attinyx7micr:LTO=disable,bod=4v3,neopixelport=portb,millis=enabled,pinmapping=digi,sketchclock=16external	1.8.13	3502	143	1	false	0	0		0	
2020-08-26 04:52:21	444	444.85	https://travis-ci.org/SpenceKonde/ATTinyCore/jobs/721209525	push		false	master	8ad7f948c8fa27f8b498b0f4dcb606e2fa52f293	e9b5fbd1958e...8ad7f948c8fa	copy/paste mistake in bootloader file name	/home/travis/Arduino/hardware/ATTinyCore/avr/libraries/Wire/examples/master_writer/master_writer.ino	ATTinyCore:avr:attinyx7micr:LTO=disable,bod=4v3,neopixelport=portb,millis=enabled,pinmapping=digi,sketchclock=16external	1.8.13	1876	65	1	false	0	0		0	
2020-08-26 04:52:24	444	444.85	https://travis-ci.org/SpenceKonde/ATTinyCore/jobs/721209525	push		false	master	8ad7f948c8fa27f8b498b0f4dcb606e2fa52f293	e9b5fbd1958e...8ad7f948c8fa	copy/paste mistake in bootloader file name	/home/travis/Arduino/hardware/ATTinyCore/avr/libraries/Wire/examples/digital_potentiometer/digital_potentiometer.ino	ATTinyCore:avr:attinyx7micr:LTO=disable,bod=4v3,neopixelport=portb,millis=enabled,pinmapping=digi,sketchclock=16external	1.8.13	1776	59	1	false	0	0		0	
2020-08-26 04:52:27	444	444.85	https://travis-ci.org/SpenceKonde/ATTinyCore/jobs/721209525	push		false	master	8ad7f948c8fa27f8b498b0f4dcb606e2fa52f293	e9b5fbd1958e...8ad7f948c8fa	copy/paste mistake in bootloader file name	/home/travis/Arduino/hardware/ATTinyCore/avr/libraries/Wire/examples/slave_receiver/slave_receiver.ino	ATTinyCore:avr:attinyx7micr:LTO=disable,bod=4v3,neopixelport=portb,millis=enabled,pinmapping=digi,sketchclock=16external	1.8.13	2670	139	2	false	0	0		0	
2020-08-26 04:52:30	444	444.85	https://travis-ci.org/SpenceKonde/ATTinyCore/jobs/721209525	push		false	master	8ad7f948c8fa27f8b498b0f4dcb606e2fa52f293	e9b5fbd1958e...8ad7f948c8fa	copy/paste mistake in bootloader file name	/home/travis/Arduino/hardware/ATTinyCore/avr/libraries/Wire/examples/master_reader/master_reader.ino	ATTinyCore:avr:attinyx7micr:LTO=disable,bod=4v3,neopixelport=portb,millis=enabled,pinmapping=digi,sketchclock=16external	1.8.13	2900	141	1	false	0	0		0	
2020-08-26 04:52:33	444	444.85	https://travis-ci.org/SpenceKonde/ATTinyCore/jobs/721209525	push		false	master	8ad7f948c8fa27f8b498b0f4dcb606e2fa52f293	e9b5fbd1958e...8ad7f948c8fa	copy/paste mistake in bootloader file name	/home/travis/Arduino/hardware/ATTinyCore/avr/libraries/Wire/examples/slave_sender/slave_sender.ino	ATTinyCore:avr:attinyx7micr:LTO=disable,bod=4v3,neopixelport=portb,millis=enabled,pinmapping=digi,sketchclock=16external	1.8.13	1478	65	1	false	0	0		0	
2020-08-26 04:52:36	444	444.85	https://travis-ci.org/SpenceKonde/ATTinyCore/jobs/721209525	push		false	master	8ad7f948c8fa27f8b498b0f4dcb606e2fa52f293	e9b5fbd1958e...8ad7f948c8fa	copy/paste mistake in bootloader file name	/home/travis/Arduino/hardware/ATTinyCore/avr/libraries/Servo_ATTinyCore/examples/Knob/Knob.ino	ATTinyCore:avr:attinyx7micr:LTO=disable,bod=4v3,neopixelport=portb,millis=enabled,pinmapping=digi,sketchclock=16external	1.8.13	2562	55	2	false	0	0		0	
2020-08-26 04:52:39	444	444.85	https://travis-ci.org/SpenceKonde/ATTinyCore/jobs/721209525	push		false	master	8ad7f948c8fa27f8b498b0f4dcb606e2fa52f293	e9b5fbd1958e...8ad7f948c8fa	copy/paste mistake in bootloader file name	/home/travis/Arduino/hardware/ATTinyCore/avr/libraries/Servo_ATTinyCore/examples/Sweep/Sweep.ino	ATTinyCore:avr:attinyx7micr:LTO=disable,bod=4v3,neopixelport=portb,millis=enabled,pinmapping=digi,sketchclock=16external	1.8.13	2504	52	2	false	0	0		0	
